{"title":"Forgot Password","scrolling":true,"loadflow":null,"init":"$('body').addClass('textured');\n$('#subheader').text(OF.page.title);\n$('#submit').touch(function() {\n  OF.api.request('/xp/users/reset_password', {\n    method: 'PUT',\n    loader: '#submit',\n    success: function() {\n      OF.goBack();\n      OF.alert('Success', 'Your password has been reset and emailed to you.');\n    }\n  });\n});","resume":null,"appear":null,"disappear":null,"exit":null,"html":"<div id='settings'>\n  <div id='header'>\n    Settings\n    <span class='loading'>\n      <span class='spinner'></span>\n    </span>\n  </div>\n  <div id='subheader'></div>\n  <form>\n    <p>\n      Forgot your password? Press Reset and\n      we'll email a new password to your\n      email address.\n    </p>\n    <div class='button' id='submit'>Reset Password</div>\n  </form>\n</div>\n"}