{"title":"Turn Parental Controls Off","scrolling":true,"loadflow":null,"init":"$('body').addClass('textured');\n$('#subheader').text(OF.page.title);\nvar form, pwField;\npwField = $('#password');\nform = $('#parental_controls_form');\n$('#submit').touch(function() {\n  return form.submit();\n});\nform.submit(function() {\n  OF.api[\"delete\"](\"/xp/devices/\" + OF.device.identifier + \"/parental_control\", {\n    params: {\n      password: pwField.val()\n    },\n    success: function() {\n      OF.device.parentalControls = false;\n      if (OF.action.isSupported('setParentalControlsEnabled')) {\n        OF.action('setParentalControlsEnabled', {\n          parentalControlsEnabled: \"false\"\n        });\n      }\n      return OF.goBack();\n    },\n    failure: function() {\n      return OF.alert('Wrong password', 'Please try again');\n    }\n  });\n  return false;\n});","resume":null,"appear":null,"disappear":null,"exit":null,"html":"<div id='settings'>\n  <div id='header'>\n    Settings\n    <span class='loading'>\n      <span class='spinner'></span>\n    </span>\n  </div>\n  <div id='subheader'></div>\n  <div class='current_info'>\n    <div class='label'>To turn off parental controls please enter the password used when enabling it.</div>\n  </div>\n  <form id='parental_controls_form'>\n    <div class='input_field'>\n      <label>Password</label>\n      <input id='password' name='password' type='password'>\n    </div>\n    <div class='button' id='submit'>Okay</div>\n  </form>\n</div>\n"}