{"title":"Privacy Settings","scrolling":true,"loadflow":null,"init":"$('body').addClass('textured');\n$('#subheader').text(OF.page.title);\n$.loadCss('settings/privacy_settings');\n$.loadScript('settings/privacy_settings');","resume":null,"appear":null,"disappear":null,"exit":null,"html":"<div id='settings'>\n  <div id='header'>\n    Settings\n    <span class='loading'>\n      <span class='spinner'></span>\n    </span>\n  </div>\n  <div id='subheader'></div>\n  <form class='hidden' id='privacy_settings'>\n    <fieldset id='post_permission'>\n      <legend>\n        Permission to post on my wall:\n      </legend>\n      <div class='everyone radio_container'>\n        <label class='radio_button' data-checked_value='everyone'>\n          Everyone\n        </label>\n      </div>\n      <div class='friends_only radio_container'>\n        <label class='radio_button' data-checked_value='friends'>\n          Friends only\n        </label>\n      </div>\n    </fieldset>\n    <fieldset id='see_permission'>\n      <legend>\n        Permission to see my wall:\n      </legend>\n      <div class='everyone radio_container'>\n        <label class='radio_button' data-checked_value='everyone'>\n          Everyone\n        </label>\n      </div>\n      <div class='friends_only radio_container'>\n        <label class='radio_button' data-checked_value='friends'>\n          Friends only\n        </label>\n      </div>\n    </fieldset>\n    <div class='button' id='submit'>Okay</div>\n  </form>\n</div>\n"}