{"title":"Complete Your Profile","scrolling":true,"loadflow":null,"init":"$('body').addClass('textured');\n$('#subheader').text(OF.page.title);\n$.loadCss('settings/profile_secure');\n$.loadScript('settings/profile_secure');","resume":null,"appear":null,"disappear":null,"exit":null,"html":"<div id='settings'>\n  <div id='header'>\n    Settings\n    <span class='loading'>\n      <span class='spinner'></span>\n    </span>\n  </div>\n  <div id='subheader'></div>\n  <form id='secure_account_form'>\n    <p>\n      Attaching an email address and password to your account lets you log in from any device.\n    </p>\n    <div class='input_field'>\n      <label>Email</label>\n      <input id='email' name='email' type='text'>\n    </div>\n    <div class='input_field'>\n      <label>Password</label>\n      <input id='user_http_basic_credential_attributes_password' name='user[http_basic_credential_attributes][password]' type='password'>\n    </div>\n    <div class='input_field'>\n      <label>Confirm Password</label>\n      <input id='user_http_basic_credential_attributes_password_confirmation' name='user[http_basic_credential_attributes][password_confirmation]' type='password'>\n    </div>\n    <div class='button_container'>\n      <div class='button' id='Skip'>Skip</div>\n      <div class='button default' id='Okay'>Okay</div>\n    </div>\n  </form>\n</div>\n"}