{"title":"Complete Your Profile","scrolling":true,"loadflow":null,"init":"$('body').addClass('textured');\n$('#subheader').text(OF.page.title);\n$.loadCss('settings/profile_configuration');\n$.loadScript('settings/profile_configuration');","resume":null,"appear":null,"disappear":null,"exit":null,"html":"<div id='settings'>\n  <div id='header'>\n    Settings\n    <span class='loading'>\n      <span class='spinner'></span>\n    </span>\n  </div>\n  <div id='subheader'></div>\n  <div class='container'>\n    <label>Profile Picture</label>\n    <div class='profile_picture' id='profile_picture'>\n      <div class='avatar'>\n        <div class='overlay'></div>\n      </div>\n      <div class='button' id='select_photo'>Select Photo</div>\n    </div>\n  </div>\n  <form id='profile_name'>\n    <div class='input_field'>\n      <label>Feint Name</label>\n      <input id='user_name' name='user[name]' type='text'>\n    </div>\n    <div class='button default hidden' id='OKay'>Okay</div>\n    <div class='button default hidden' id='Next'>Next</div>\n  </form>\n</div>\n"}