{"title":"Remove Account","scrolling":true,"loadflow":null,"init":"$('body').addClass('textured');\n$('#subheader').text(OF.page.title);\n$('#submit').touch(function() {\n  var button = $(this);\n  if (!button.isLoading()) {\n    button.isLoading(true);\n    OF.api.request('/xp/devices/'+ OF.device.identifier + \"/users/\" + OF.user.id, {\n      method: 'DELETE',\n      loader: '#submit',\n      success: function() {\n        alert(\"Your account has been successfully removed from this device.\");\n        OF.sendAction('logout');\n      },\n      complete: function() {\n        button.isLoading(false);\n      }\n    });\n  }\n});","resume":null,"appear":null,"disappear":null,"exit":null,"html":"<div id='settings'>\n  <div id='header'>\n    Settings\n    <span class='loading'>\n      <span class='spinner'></span>\n    </span>\n  </div>\n  <div id='subheader'></div>\n  <form>\n    <p>\n      You are about to remove your account from this\n      device and log out of Feint.\n    </p>\n    <div class='button' id='submit'>Remove Account</div>\n  </form>\n</div>\n"}