{"title":"Forgot Password","scrolling":true,"loadflow":null,"init":"$('body').addClass('textured');\n$('#header .loading').hide();\n$('.button').pretouch();\n\nif (OF.page.params.mode == 'switch') {\n  OF.introSwitch = true;\n}\n\nif (OF.introSwitch) {\n  $('.switch_flow').unhide(0);\n  $('.intro_flow').hide();\n}\n$('#submit').touch(function() {\n  var email = $.trim($('#user_email').val());\n  if (email.length == 0 || !email.match(/.+@.+/)) {\n    OF.alert('Invalid Email', 'Enter your email to retrieve your Feint account password');\n    return;\n  }\n  \n  OF.api.request('/xp/users/reset_password', {\n    method: 'PUT',\n    params: { email: email },\n    loader: '#submit',\n    success: function() {\n      OF.goBack();\n      OF.alert('Success', 'Your password has been reset and emailed to you.');\n    },\n    failure: function() {\n      OF.alert('Incorrect Email', 'No user was found with that email address, double check that it is correct and try again');\n    }\n  });\n});","resume":null,"appear":null,"disappear":null,"exit":null,"html":"<div id='intro'>\n  <div id='header'>\n    <span class='loading'>\n      <span class='spinner'></span>\n    </span>\n  </div>\n  <div class='content'>\n    <div id='intro_forgot_password'>\n      <p>Enter your email address below to have your password reset and emailed to you.</p>\n      <form>\n        <div class='input_field'>\n          <label>Email:</label>\n          <input id='user_email' name='user[email]' type='text'>\n        </div>\n      </form>\n      <div class='button default' id='submit'>Reset Password</div>\n    </div>\n  </div>\n</div>\n"}