{"title":"Select Account","scrolling":true,"loadflow":null,"init":"$('body').addClass('textured');\n$('#header .loading').hide();\n$('.button').pretouch();\n\nif (OF.page.params.mode == 'switch') {\n  OF.introSwitch = true;\n}\n\nif (OF.introSwitch) {\n  $('.switch_flow').unhide(0);\n  $('.intro_flow').hide();\n}\nvar userTmpl = tmpl('user_tmpl');\nvar html = '';\n$.each(OF.users, function() {\n  html += userTmpl(this.user);\n});\n$('#multiple_user_accounts').hide().html(html).fadeIn();","resume":null,"appear":null,"disappear":null,"exit":null,"html":"<div id='intro'>\n  <div id='header'>\n    <span class='loading'>\n      <span class='spinner'></span>\n    </span>\n  </div>\n  <div class='content'>\n              <script type=\"text/plain\" id=\"user_tmpl\">\n                <div class=\"inset_cell user\" data-href=\"intro/found_device?user_id=<%= id %>\">\n      <div class=\"image avatar\" style=\"<%= (profile_picture_url ? \"background-image:url(\" + profile_picture_url + \")\" : \"\")%>\">\n        <div class=\"overlay\"></div>\n      </div>\n      <div class=\"title user_name\"><%= name %></div>\n      <div class=\"feint_score\"><%= gamer_score %></div>\n    </div>\n    <div class=\"divider\"></div>\n              </script>\n    <p>\n      We've found multiple accounts. Select which one to use or create a new account.\n    </p>\n    <div id='multiple_user_accounts'></div>\n    <div class='button_row clearfix'>\n      <div class='button_wrapper clearfix'>\n        <div class='button' data-href='intro/new_account'>\n          Create a<br>\n          New Account\n        </div>\n      </div>\n      <div class='button_wrapper clearfix'>\n        <div class='button' data-href='intro/login'>\n          Use Another<br>\n          Account\n        </div>\n      </div>\n    </div>\n  </div>\n</div>\n"}