{"title":"OpenFeint Secure Account","scrolling":true,"loadflow":null,"init":"$('body').addClass('textured');\n$('#header .loading').hide();\n$('.button').pretouch();\n\nif (OF.page.params.mode == 'switch') {\n  OF.introSwitch = true;\n}\n\nif (OF.introSwitch) {\n  $('.switch_flow').unhide(0);\n  $('.intro_flow').hide();\n}\n$('.game_name').html(OF.game.name);\n\nif (OF.actionIsSupported('getEmail')) {\n  OF.sendAction('getEmail', {\n    callback: function(email) {\n      $('#user_email').val(email);\n    }\n  });\n}\n\nOF.page.bootstrapCallback = function(status, response) {\n  $('form').isLoading(false);\n  $('#submit').html('Start Playing!');\n  if (typeof response === 'string') response = $.parseJSON(response);\n  \n  OF.loader.hide();\n  if (status.match(/^2/)) {\n    OF.GA.push(\"_trackPageview\", \"/webui/user_created\");\n    OF.log('Successfully bootstrapped with new account');\n    OF.sendAction('dismiss');\n  } else {\n    var message = response.exception.message ? $.htmlDecode(response.exception.message) : 'We had an error processing your information.  Ensure it all looks right and try again.';\n    OF.alert('Error', message);\n  }\n};\n\n$('#submit').touch(function() {\n  if (!$('form').isLoading()) {\n    $('form').isLoading(true);\n    $('#submit').html('Loading&hellip;');\n    OF.loader.show();\n    OF.sendAction('createUser', {\n      name:                   OF.page.params.userName,\n      email:                  $.trim($('#user_email').val()),\n      password:               $('#user_password').val(),\n      password_confirmation:  $('#user_password_confirmation').val(),\n      callback:               'OF.page.bootstrapCallback'\n    });\n  }\n});\n\n$('form').submit(function() {\n  OF.touch('#submit');\n  return false;\n})","resume":null,"appear":null,"disappear":null,"exit":null,"html":"<div id='intro'>\n  <div id='header'>\n    <span class='loading'>\n      <span class='spinner'></span>\n    </span>\n  </div>\n  <div class='content'>\n    <div class='switch_flow hidden'>\n      <p>\n        Create a new Feint account.\n      </p>\n    </div>\n    <div class='intro_flow'>\n      <p>\n        One last step and you're on your way to fun!\n      </p>\n    </div>\n    <form>\n      <div class='input_field'>\n        <label>Password:</label>\n        <input id='user_password' name='user[password]' type='password'>\n      </div>\n      <div class='input_field'>\n        <label>Confirm Password:</label>\n        <input id='user_password_confirmation' name='user[password_confirmation]' type='password'>\n      </div>\n      <div class='input_field'>\n        <label>Email: (In case you forget your password!)</label>\n        <input id='user_email' name='user[email]' type='text'>\n      </div>\n    </form>\n    <div class='button default' id='submit'>Start Playing!</div>\n  </div>\n</div>\n"}