{"title":"Achievements","scrolling":true,"loadflow":"var localUserLoaded, localUserReq;\nOF.GA.setAccount('UA-3107048-21', 'spotlight.android.openfeint.com');\n$.loadScript('dashboard/dashboard');\nif ((typeof jasmine !== \"undefined\" && jasmine !== null) && OF.isBrowser) {\n  $.loadCss('settings/spec');\n}\nlocalUserLoaded = localUserReq = null;\nOF.loadLocalUser = function() {\n  if (OF.user.isLoaded) {\n    return typeof localUserLoaded === \"function\" ? localUserLoaded() : void 0;\n  } else {\n    return localUserReq || (localUserReq = OF.api(\"/xp/users/me\", {\n      success: function(userData) {\n        OF.user = userData.user;\n        OF.user.isLoaded = true;\n        if (typeof localUserLoaded === \"function\") {\n          localUserLoaded();\n        }\n        return localUserLoaded = localUserReq = null;\n      }\n    }));\n  }\n};\nOF.localUserLoaded = function(callback) {\n  if (OF.user.isLoaded) {\n    return callback();\n  } else {\n    return localUserLoaded = callback;\n  }\n};","init":"OF.loadLocalUser();\n$('body').addClass('textured');\n$('.button').pretouch();\n\n// Menu handling functions\nif (!OF.menu) {\n  OF.menu = function(buttonName) {\n    if      (buttonName == 'home')      OF.menu.home();\n    else if (buttonName == 'settings')  OF.menu.settings();\n    else if (buttonName == 'exit')      OF.menu.exit();\n    else {\n      OF.log('Unknown menu button hit: '+ buttonName);\n    }\n  };\n  \n  OF.menu.home = function() {\n    if (OF.navigationStack[0].url.match(/dashboard\\/user/)) {\n      OF.goBack({root:true});\n    } else {\n      \n      // This is a bit of a hack for now...\n      OF.navigateToUrl(\"dashboard/user\", {\n        complete: function() {\n          OF.pages.unshift(OF.pages.pop());\n          OF.action('back', {root:true}, OF.contentLoaded);\n        }\n      });\n    }\n  };\n  \n  OF.menu.settings = function() {\n    OF.sendAction('openSettings');\n  };\n  \n  OF.menu.exit = function() {\n    OF.sendAction('dismiss');\n  };\n}\n\n// Base friends page functions\nif (!OF.friendsList) {\n  OF.friendsList = {\n    init: function() {\n      jQuery.lazyLoad({\n        threshold: 0.5,  //percentage of the window height left to scroll that will trigger the next page\n        nextPageLoaded: function(page, data){ \n          if (page == 1) {\n            OF.friendsList.renderFriends(data);                 \n          } else {\n            OF.friendsList.addFriends(data);         \n          }\n        },\n        nextPageShouldLoad: function(page, callback) {\n          OF.api('/xp/friends', {\n            params: {\n              user_id:   OF.page.user.id,\n              page:      page,\n              page_size: 50\n            },\n            success: function(data) {\n              callback(data.users, data.users.length < 50)\n            },\n            failure: function() { callback([]); }\n          });\n        },\n        isEmpty: function() { OF.friendsList.renderFriends([]); },\n        isFinished: function() { jQuery(\"#loading\").hide(); }\n      });\n    },\n    \n    renderFriendItems: function(friends) {\n      var html = jQuery.map(friends, function(friend) {\n       return tmpl('user_tmpl', friend);\n      });\n      return html;\n    },\n    \n    renderFriends : function(friends) {    \n      var html = OF.friendsList.renderFriendItems(friends);\n      \n      if (html.length > 0) {\n        jQuery('#friends_list > ul').html(html.join('')).unhide();\n        jQuery(\"#friends_list .no_data\").hide();\n      } else {\n        jQuery('#friends_list > ul').hide();\n        jQuery(\"#friends_list .no_data\").unhide();      \n      }\n    },\n    \n    addFriends : function(friends) {    \n      var html = OF.friendsList.renderFriendItems(friends);\n      jQuery('#friends_list > ul').append(html.join(''));\n    }\n  };\n}\n\n// Go home on touching the logo area\n$('#home_button').touch(OF.menu.home);\nvar achievementTmpl, gameID, pageParamsUser, pageParamsUserId, userID;\npageParamsUser = OF.page.params.user;\npageParamsUserId = pageParamsUser ? pageParamsUser.id : null;\nuserID = OF.page.params.user_id || pageParamsUserId || OF.user.id;\ngameID = OF.page.params.game_id || OF.game.id;\nachievementTmpl = tmpl('achievement_tmpl');\nOF.api.request(\"/xp/users/\" + userID + \"/games/\" + gameID + \"/achievements\", {\n  loader: '#achievement_list .loading',\n  success: function(data) {\n    var achievement, html;\n    if (data.achievements.length > 0) {\n      html = ((function() {\n        var _i, _len, _ref, _results;\n        _ref = data.achievements;\n        _results = [];\n        for (_i = 0, _len = _ref.length; _i < _len; _i++) {\n          achievement = _ref[_i];\n          _results.push(achievementTmpl(achievement.achievement));\n        }\n        return _results;\n      })()).join('');\n      return $('#achievement_list').html(html).hide().fadeIn();\n    } else {\n      return $('ul#achievement_list').append($('#no_achievements').html()).unhide();\n    }\n  }\n});","resume":null,"appear":"$('#header .title').html(OF.page.title);","disappear":null,"exit":null,"html":"<div id='dashboard'>\n  <div id='header'>\n    <span class='loading'>\n      <span class='spinner'></span>\n    </span>\n    <div class='title' id='home_button'></div>\n  </div>\n            <script type=\"text/plain\" id=\"achievement_tmpl\">\n              <li class=\"achievement liquid clearfix <%= is_unlocked ? 'unlocked' : 'locked' %>\">\n    <% if (is_unlocked && icon_url) { %>\n      <div class=\"icon\" style=\"background-image: url(<%= icon_url %>)\">\n    <% } else { %>\n      <div class=\"icon\">\n    <% } %>\n      <div class=\"overlay\"></div>\n    </div>\n    \n    <div class=\"gamerscore\"><%= gamerscore %></div>\n    <div class=\"title\"><%= is_secret && 0 === percent_complete ? 'Secret' : title %></div>\n    <% if (0 < percent_complete && percent_complete < 100) { %>\n      <div class=\"percent_complete\">\n        <div class=\"ach_bar_percentage\" style=\"width: <%= percent_complete %>%;\"></div>\n        <div class=\"percentage_ammount\" style=\"left: <%= percent_complete %>%;\"><%= percent_complete + '%' %></div>\n      </div>\n    <% } %>\n    <div class=\"subtitle\"><%= is_secret && 0 === percent_complete ? 'You must unlock this achievement to view its description.' : description %></div>\n  </li>\n            </script>\n            <script type=\"text/plain\" id=\"no_achievements\">\n              <li class=\"no_data\">This game doesn't have any Achievements.</li>\n            </script>\n  <div id='achievements'>\n    <ul class='cells' id='achievement_list'>\n      <li class='loading'>\n        <div class='spinner'></div>\n      </li>\n    </ul>\n  </div>\n</div>\n"}