{"title":"Feint Games","scrolling":true,"loadflow":"var localUserLoaded, localUserReq;\nOF.GA.setAccount('UA-3107048-21', 'spotlight.android.openfeint.com');\n$.loadScript('dashboard/dashboard');\nif ((typeof jasmine !== \"undefined\" && jasmine !== null) && OF.isBrowser) {\n  $.loadCss('settings/spec');\n}\nlocalUserLoaded = localUserReq = null;\nOF.loadLocalUser = function() {\n  if (OF.user.isLoaded) {\n    return typeof localUserLoaded === \"function\" ? localUserLoaded() : void 0;\n  } else {\n    return localUserReq || (localUserReq = OF.api(\"/xp/users/me\", {\n      success: function(userData) {\n        OF.user = userData.user;\n        OF.user.isLoaded = true;\n        if (typeof localUserLoaded === \"function\") {\n          localUserLoaded();\n        }\n        return localUserLoaded = localUserReq = null;\n      }\n    }));\n  }\n};\nOF.localUserLoaded = function(callback) {\n  if (OF.user.isLoaded) {\n    return callback();\n  } else {\n    return localUserLoaded = callback;\n  }\n};","init":"OF.loadLocalUser();\n$('body').addClass('textured');\n$('.button').pretouch();\n\n// Menu handling functions\nif (!OF.menu) {\n  OF.menu = function(buttonName) {\n    if      (buttonName == 'home')      OF.menu.home();\n    else if (buttonName == 'settings')  OF.menu.settings();\n    else if (buttonName == 'exit')      OF.menu.exit();\n    else {\n      OF.log('Unknown menu button hit: '+ buttonName);\n    }\n  };\n  \n  OF.menu.home = function() {\n    if (OF.navigationStack[0].url.match(/dashboard\\/user/)) {\n      OF.goBack({root:true});\n    } else {\n      \n      // This is a bit of a hack for now...\n      OF.navigateToUrl(\"dashboard/user\", {\n        complete: function() {\n          OF.pages.unshift(OF.pages.pop());\n          OF.action('back', {root:true}, OF.contentLoaded);\n        }\n      });\n    }\n  };\n  \n  OF.menu.settings = function() {\n    OF.sendAction('openSettings');\n  };\n  \n  OF.menu.exit = function() {\n    OF.sendAction('dismiss');\n  };\n}\n\n// Base friends page functions\nif (!OF.friendsList) {\n  OF.friendsList = {\n    init: function() {\n      jQuery.lazyLoad({\n        threshold: 0.5,  //percentage of the window height left to scroll that will trigger the next page\n        nextPageLoaded: function(page, data){ \n          if (page == 1) {\n            OF.friendsList.renderFriends(data);                 \n          } else {\n            OF.friendsList.addFriends(data);         \n          }\n        },\n        nextPageShouldLoad: function(page, callback) {\n          OF.api('/xp/friends', {\n            params: {\n              user_id:   OF.page.user.id,\n              page:      page,\n              page_size: 50\n            },\n            success: function(data) {\n              callback(data.users, data.users.length < 50)\n            },\n            failure: function() { callback([]); }\n          });\n        },\n        isEmpty: function() { OF.friendsList.renderFriends([]); },\n        isFinished: function() { jQuery(\"#loading\").hide(); }\n      });\n    },\n    \n    renderFriendItems: function(friends) {\n      var html = jQuery.map(friends, function(friend) {\n       return tmpl('user_tmpl', friend);\n      });\n      return html;\n    },\n    \n    renderFriends : function(friends) {    \n      var html = OF.friendsList.renderFriendItems(friends);\n      \n      if (html.length > 0) {\n        jQuery('#friends_list > ul').html(html.join('')).unhide();\n        jQuery(\"#friends_list .no_data\").hide();\n      } else {\n        jQuery('#friends_list > ul').hide();\n        jQuery(\"#friends_list .no_data\").unhide();      \n      }\n    },\n    \n    addFriends : function(friends) {    \n      var html = OF.friendsList.renderFriendItems(friends);\n      jQuery('#friends_list > ul').append(html.join(''));\n    }\n  };\n}\n\n// Go home on touching the logo area\n$('#home_button').touch(OF.menu.home);\nvar game = OF.page.params.game;\n\n$('li#game_info .icon').css('background-image', 'url('+ game.android_icon_url +')');\n$('li#game_info .title').text(game.name);\n$('li#game_info .subtitle').text(game.developer_name);\n\n$('#leaderboards').touch(function() {\n  OF.push('dashboard/leaderboards', { params: { game_id: game.id } });\n});\n$('#achievements').touch(function() {    \n  OF.push('dashboard/achievements', { params: { game_id: game.id } });\n});\n// The current game's information\nOF.api.request('/xp/games/'+ game.id, {\n  loader: '.loading',\n  background: true,\n  success: function(data) {\n    // Display the leaderboard cell\n    if(data.game.leaderboards.total > 0) {\n      $('#leaderboards').unhide();\n    }\n    // Display the achievements cell\n    if(data.game.achievements.total >0) {\n      $('#achievements').unhide();\n    }\n  }\n});\n// Fill in achievements data\nOF.api.request('/xp/users/' + OF.user.id + '/games/'+ game.id +'/achievements', {\n  background: true,\n  failure: $.noop,  // It's not critical this succeeds\n  success: function(data) {\n    var total    = data.achievements.length;\n    var unlocked = 0;\n    $.each(data.achievements, function() {\n      if (this.achievement.is_unlocked) unlocked++;\n    });\n    $('li#achievements .subtitle').text(unlocked +' out of '+ total +' unlocked').hide().fadeIn();\n  }\n});","resume":null,"appear":"$('#header .title').html(OF.page.title);","disappear":null,"exit":null,"html":"<div id='dashboard'>\n  <div id='header'>\n    <span class='loading'>\n      <span class='spinner'></span>\n    </span>\n    <div class='title' id='home_button'></div>\n  </div>\n  <div id='user_profile'>\n    <div id='header_replacement'></div>\n  </div>\n  <div id='local_game'>\n    <ul class='cells'>\n      <li class='liquid clearfix' id='game_info'>\n        <div class='icon'></div>\n        <div class='title'></div>\n        <div class='subtitle'></div>\n      </li>\n    </ul>\n  </div>\n  <div id='user_profile'>\n    <ul class='cells'>\n      <li class='loading'>\n        <div class='spinner'></div>\n      </li>\n      <li class='hidden' id='leaderboards'>\n        <div class='icon'></div>\n        <div class='title'>Leaderboards</div>\n        <div class='subtitle'>See your scores</div>\n      </li>\n      <li class='hidden' id='achievements'>\n        <div class='icon'></div>\n        <div class='title'>Achievements</div>\n        <div class='subtitle'></div>\n      </li>\n    </ul>\n  </div>\n</div>\n"}