{"title":"Friends","scrolling":true,"loadflow":"var localUserLoaded, localUserReq;\nOF.GA.setAccount('UA-3107048-21', 'spotlight.android.openfeint.com');\n$.loadScript('dashboard/dashboard');\nif ((typeof jasmine !== \"undefined\" && jasmine !== null) && OF.isBrowser) {\n  $.loadCss('settings/spec');\n}\nlocalUserLoaded = localUserReq = null;\nOF.loadLocalUser = function() {\n  if (OF.user.isLoaded) {\n    return typeof localUserLoaded === \"function\" ? localUserLoaded() : void 0;\n  } else {\n    return localUserReq || (localUserReq = OF.api(\"/xp/users/me\", {\n      success: function(userData) {\n        OF.user = userData.user;\n        OF.user.isLoaded = true;\n        if (typeof localUserLoaded === \"function\") {\n          localUserLoaded();\n        }\n        return localUserLoaded = localUserReq = null;\n      }\n    }));\n  }\n};\nOF.localUserLoaded = function(callback) {\n  if (OF.user.isLoaded) {\n    return callback();\n  } else {\n    return localUserLoaded = callback;\n  }\n};","init":"OF.loadLocalUser();\n$('body').addClass('textured');\n$('.button').pretouch();\n\n// Menu handling functions\nif (!OF.menu) {\n  OF.menu = function(buttonName) {\n    if      (buttonName == 'home')      OF.menu.home();\n    else if (buttonName == 'settings')  OF.menu.settings();\n    else if (buttonName == 'exit')      OF.menu.exit();\n    else {\n      OF.log('Unknown menu button hit: '+ buttonName);\n    }\n  };\n  \n  OF.menu.home = function() {\n    if (OF.navigationStack[0].url.match(/dashboard\\/user/)) {\n      OF.goBack({root:true});\n    } else {\n      \n      // This is a bit of a hack for now...\n      OF.navigateToUrl(\"dashboard/user\", {\n        complete: function() {\n          OF.pages.unshift(OF.pages.pop());\n          OF.action('back', {root:true}, OF.contentLoaded);\n        }\n      });\n    }\n  };\n  \n  OF.menu.settings = function() {\n    OF.sendAction('openSettings');\n  };\n  \n  OF.menu.exit = function() {\n    OF.sendAction('dismiss');\n  };\n}\n\n// Base friends page functions\nif (!OF.friendsList) {\n  OF.friendsList = {\n    init: function() {\n      jQuery.lazyLoad({\n        threshold: 0.5,  //percentage of the window height left to scroll that will trigger the next page\n        nextPageLoaded: function(page, data){ \n          if (page == 1) {\n            OF.friendsList.renderFriends(data);                 \n          } else {\n            OF.friendsList.addFriends(data);         \n          }\n        },\n        nextPageShouldLoad: function(page, callback) {\n          OF.api('/xp/friends', {\n            params: {\n              user_id:   OF.page.user.id,\n              page:      page,\n              page_size: 50\n            },\n            success: function(data) {\n              callback(data.users, data.users.length < 50)\n            },\n            failure: function() { callback([]); }\n          });\n        },\n        isEmpty: function() { OF.friendsList.renderFriends([]); },\n        isFinished: function() { jQuery(\"#loading\").hide(); }\n      });\n    },\n    \n    renderFriendItems: function(friends) {\n      var html = jQuery.map(friends, function(friend) {\n       return tmpl('user_tmpl', friend);\n      });\n      return html;\n    },\n    \n    renderFriends : function(friends) {    \n      var html = OF.friendsList.renderFriendItems(friends);\n      \n      if (html.length > 0) {\n        jQuery('#friends_list > ul').html(html.join('')).unhide();\n        jQuery(\"#friends_list .no_data\").hide();\n      } else {\n        jQuery('#friends_list > ul').hide();\n        jQuery(\"#friends_list .no_data\").unhide();      \n      }\n    },\n    \n    addFriends : function(friends) {    \n      var html = OF.friendsList.renderFriendItems(friends);\n      jQuery('#friends_list > ul').append(html.join(''));\n    }\n  };\n}\n\n// Go home on touching the logo area\n$('#home_button').touch(OF.menu.home);\nvar prompt = 'Search by Feint Name';\nvar field  = $('#username_field');\n\nfield.focus(function() {\n  field.removeClass('prompt');\n  if (field.val() == prompt) {\n    field.val('');\n  }\n});\n\nfield.blur(function() {\n  if ($.trim(field.val()).length == 0) {\n    field.val(prompt).addClass('prompt');\n  }\n});\nfield.blur();\n\n$('#submit').touch(function() {\n  $('li.user').fadeOut();\n  var username = $('#username_field').val();\n  OF.GA.page(\"/webui/dashboard/user_search_searchUser\");\n  if (username.length > 0 && username != prompt) {\n    $('#friends_list').unhide();\n    OF.api.request('/xp/friends/search', {\n      params: { name: username },\n      loader: '#friends_list .loading',\n      success: function(data) {\n        \n        if (data.users.length > 0) {\n          var userTmpl = tmpl('user_tmpl');\n          var html = [];\n          \n          $.each(data.users, function() {\n            html.push(userTmpl(this));\n          });\n          \n          $('li.user').remove();\n          $('#friends_list').append(html.join('')).removeClass('hidden').unhide();\n        } else {\n          OF.alert(\"No users\", \"Unable to find any users by that name.\");\n        }\n      },\n    });\n  } else {\n    OF.alert(\"Invalid name\", \"Please enter a user name to search for friends.\");\n  }\n});\n\n$('form').submit(function() {\n  $('#submit').touch();\n  return false;\n});","resume":null,"appear":"$('#header .title').html(OF.page.title);","disappear":null,"exit":null,"html":"<div id='dashboard'>\n  <div id='header'>\n    <span class='loading'>\n      <span class='spinner'></span>\n    </span>\n    <div class='title' id='home_button'></div>\n  </div>\n            <script type=\"text/plain\" id=\"user_tmpl\">\n              <%\n    var style = \"\";\n    if (user.profile_picture_url) {\n      style = \"background-image: url(\" + userPicUrl(user.profile_picture_url) + \")\";\n    }\n  %>\n  \n  <li class=\"user\" data-href=\"dashboard/profile?user_id=<%= user.id %>\">\n    <div class=\"image avatar\" style=\"<%= style %>\">\n      <div class=\"overlay\"></div>\n    </div>\n    <div class=\"title user_name\"><%= user.name %></div>\n    <div class=\"feint_score\"><%= user.gamer_score %></div>\n  </li>\n            </script>\n  <div id='friends'>\n    <ul class='cells'>\n      <li class='section_title'>Find Friends</li>\n      <li class='liquid' id='search_cell'>\n        <form>\n          <!-- / I know... Really, I know :( -->\n          <table>\n            <tr>\n              <td>\n                <div class='input_field'>\n                  <input id='username_field' type='text'>\n                </div>\n              </td>\n              <td class='button_cell'>\n                <div class='input_field'>\n                  <div class='button' id='submit'>\n                    <div class='icon'></div>\n                    &nbsp;\n                  </div>\n                </div>\n              </td>\n            </tr>\n          </table>\n        </form>\n      </li>\n      <li class='section_title'>Results</li>\n    </ul>\n    <ul class='cells hidden' id='friends_list'>\n      <li class='loading'>\n        <div class='spinner'></div>\n      </li>\n    </ul>\n  </div>\n</div>\n"}